customer,1
financial,2
market,3
identity,4
digital,5
service,6
platform,7
bank,8
insurance,9
product,10
investor,11
transaction,12
payment,13
insurer,14
system,15
investment,16
capital,17
user,18
regulatory,19
access,20
system,21
process,22
platform,23
regulator,24
technology,25
business,26
solution,27
payment,28
potential,29
provider,30
risk,31
process,32
intermediary,33
incumbent,34
lending,35
credit,36
management,37
asset,38
trading,39
firm,40
scale,41
online,42
market,43
transfer,44
automated,45
source,46
individual,47
ecosystem,48
cost,49
infrastructure,50
model,51
number,52
banking,53
attribute,54
network,55
trade,56
fund,57
entity,58
equity,59
innovation,60
technology,61
distribution,62
growth,63
partnership,64
lender,65
order,66
retail,67
underwriting,68
experience,69
chain,70
fintechs,71
adoption,72
crowdfunding,73
money,74
loan,75
merchant,76
compliance,77
government,78
scenario,79
business,80
settlement,81
party,82
efficiency,83
transparency,84
player,85
director,86
solution,87
security,88
offering,89
regulation,90
entrant,91
wealth,92
liquidity,93
share,94
account,95
analysis,96
network,97
channel,98
major,99
specific,100
